{
  "IcoMoonType": "selection",
  "icons": [
    {
      "icon": {
        "paths": [
          "M384 938.667h256c213.333 0 298.667-85.333 298.667-298.667v-256c0-213.333-85.333-298.667-298.667-298.667h-256c-213.333 0-298.667 85.333-298.667 298.667v256c0 213.333 85.333 298.667 298.667 298.667z",
          "M694.613 580.693c-48.213 48.213-117.333 63.147-178.347 43.947l-110.506 110.080c-7.68 8.107-23.467 13.227-34.987 11.52l-51.2-6.827c-17.067-2.133-32.427-18.347-34.987-34.987l-6.827-51.2c-1.707-11.093 3.84-26.88 11.52-34.987l110.080-110.080c-18.773-61.013-4.267-130.133 43.946-178.346 69.12-69.12 181.76-69.12 251.307 0 69.12 68.693 69.12 181.333 0 250.88z",
          "M445.867 694.613l-36.268-36.693",
          "M571.499 456.533h0.384"
        ],
        "attrs": [
          {
            "fill": "none",
            "stroke": "rgb(145, 151, 179)",
            "strokeLinejoin": "round",
            "strokeLinecap": "round",
            "strokeMiterlimit": "4",
            "strokeWidth": 64
          },
          {
            "fill": "none",
            "stroke": "rgb(145, 151, 179)",
            "strokeLinejoin": "round",
            "strokeLinecap": "round",
            "strokeMiterlimit": "10",
            "strokeWidth": 64
          },
          {
            "fill": "none",
            "stroke": "rgb(145, 151, 179)",
            "strokeLinejoin": "round",
            "strokeLinecap": "round",
            "strokeMiterlimit": "10",
            "strokeWidth": 64
          },
          {
            "fill": "none",
            "stroke": "rgb(145, 151, 179)",
            "strokeLinejoin": "round",
            "strokeLinecap": "round",
            "strokeMiterlimit": "4",
            "strokeWidth": 85.33333333333333
          }
        ],
        "isMulticolor": false,
        "isMulticolor2": false,
        "grid": 0,
        "tags": [
          "key-square"
        ],
        "colorPermutations": {
          "126126126114515117912552552551": [
            {
              "s": 1
            },
            {
              "s": 1
            },
            {
              "s": 1
            },
            {
              "s": 1
            }
          ]
        }
      },
      "attrs": [
        {
          "fill": "none",
          "stroke": "rgb(145, 151, 179)",
          "strokeLinejoin": "round",
          "strokeLinecap": "round",
          "strokeMiterlimit": "4",
          "strokeWidth": 64
        },
        {
          "fill": "none",
          "stroke": "rgb(145, 151, 179)",
          "strokeLinejoin": "round",
          "strokeLinecap": "round",
          "strokeMiterlimit": "10",
          "strokeWidth": 64
        },
        {
          "fill": "none",
          "stroke": "rgb(145, 151, 179)",
          "strokeLinejoin": "round",
          "strokeLinecap": "round",
          "strokeMiterlimit": "10",
          "strokeWidth": 64
        },
        {
          "fill": "none",
          "stroke": "rgb(145, 151, 179)",
          "strokeLinejoin": "round",
          "strokeLinecap": "round",
          "strokeMiterlimit": "4",
          "strokeWidth": 85.33333333333333
        }
      ],
      "properties": {
        "order": 7,
        "id": 9,
        "name": "key-square",
        "prevSize": 32
      },
      "setIdx": 0,
      "setId": 4,
      "iconIdx": 0
    },
    {
      "icon": {
        "paths": [
          "M640 970.667h-256c-231.68 0-330.667-98.987-330.667-330.667v-256c0-231.68 98.987-330.667 330.667-330.667h256c231.68 0 330.667 98.987 330.667 330.667v256c0 231.68-98.987 330.667-330.667 330.667zM384 117.333c-196.693 0-266.667 69.973-266.667 266.667v256c0 196.693 69.973 266.667 266.667 266.667h256c196.693 0 266.667-69.973 266.667-266.667v-256c0-196.693-69.973-266.667-266.667-266.667h-256z",
          "M512.026 558.067c-5.547 0-11.093-1.28-16.213-4.267l-226.133-130.56c-15.36-8.96-20.481-28.587-11.521-43.52 8.96-15.36 28.588-20.48 43.521-11.52l209.92 121.6 208.64-120.747c15.36-8.96 34.987-3.413 43.52 11.52s3.413 34.987-11.52 43.52l-224.427 129.707c-4.693 2.56-10.24 4.267-15.787 4.267z",
          "M512 790.191c-17.493 0-32-14.507-32-32v-232.107c0-17.493 14.507-32 32-32s32 14.507 32 32v232.107c0 17.493-14.507 32-32 32z",
          "M512.009 799.991c-24.747 0-49.062-5.547-68.689-16.213l-136.535-75.947c-40.96-22.613-72.534-76.8-72.534-123.733v-144.64c0-46.506 32.001-100.693 72.534-123.733l136.535-75.947c39.253-21.76 98.129-21.76 137.382 0l136.533 75.947c40.96 22.613 72.538 76.8 72.538 123.733v144.64c0 46.507-32.004 100.693-72.538 123.733l-136.533 75.947c-19.627 11.093-43.947 16.213-68.693 16.213zM512.009 287.991c-14.080 0-27.733 2.56-37.547 8.107l-136.531 75.947c-20.907 11.52-39.681 43.947-39.681 67.413v144.64c0 23.893 18.775 55.893 39.681 67.413l136.531 75.947c19.627 11.093 55.467 11.093 75.093 0l136.533-75.947c20.907-11.52 39.684-43.947 39.684-67.413v-144.64c0-23.893-18.778-55.893-39.684-67.413l-136.533-75.947c-9.813-5.547-23.467-8.107-37.547-8.107z"
        ],
        "attrs": [
          {
            "fill": "rgb(145, 151, 179)"
          },
          {
            "fill": "rgb(145, 151, 179)"
          },
          {
            "fill": "rgb(145, 151, 179)"
          },
          {
            "fill": "rgb(145, 151, 179)"
          }
        ],
        "isMulticolor": false,
        "isMulticolor2": false,
        "grid": 0,
        "tags": [
          "d-square 1"
        ],
        "colorPermutations": {
          "126126126114515117912552552551": [
            {
              "f": 1
            },
            {
              "f": 1
            },
            {
              "f": 1
            },
            {
              "f": 1
            }
          ]
        }
      },
      "attrs": [
        {
          "fill": "rgb(145, 151, 179)"
        },
        {
          "fill": "rgb(145, 151, 179)"
        },
        {
          "fill": "rgb(145, 151, 179)"
        },
        {
          "fill": "rgb(145, 151, 179)"
        }
      ],
      "properties": {
        "order": 8,
        "id": 8,
        "name": "d-square-1",
        "prevSize": 32
      },
      "setIdx": 0,
      "setId": 4,
      "iconIdx": 1
    },
    {
      "icon": {
        "paths": [
          "M384 768l256-256-256-256"
        ],
        "attrs": [
          {
            "fill": "none",
            "stroke": "rgb(145, 151, 179)",
            "strokeLinejoin": "round",
            "strokeLinecap": "round",
            "strokeMiterlimit": "4",
            "strokeWidth": 128
          }
        ],
        "isMulticolor": false,
        "isMulticolor2": false,
        "grid": 0,
        "tags": [
          "chevron-right 2 (1)"
        ],
        "colorPermutations": {
          "126126126114515117912552552551": [
            {
              "s": 1
            }
          ]
        }
      },
      "attrs": [
        {
          "fill": "none",
          "stroke": "rgb(145, 151, 179)",
          "strokeLinejoin": "round",
          "strokeLinecap": "round",
          "strokeMiterlimit": "4",
          "strokeWidth": 128
        }
      ],
      "properties": {
        "order": 9,
        "id": 7,
        "name": "chevron-right",
        "prevSize": 32
      },
      "setIdx": 0,
      "setId": 4,
      "iconIdx": 2
    },
    {
      "icon": {
        "paths": [
          "M384 768l256-256-256-256"
        ],
        "attrs": [
          {
            "fill": "none",
            "stroke": "rgb(255, 255, 255)",
            "strokeLinejoin": "round",
            "strokeLinecap": "round",
            "strokeMiterlimit": "4",
            "strokeWidth": 128
          }
        ],
        "isMulticolor": false,
        "isMulticolor2": false,
        "grid": 0,
        "tags": [
          "chevron-right 2"
        ],
        "colorPermutations": {
          "126126126114515117912552552551": [
            {
              "s": 2
            }
          ]
        }
      },
      "attrs": [
        {
          "fill": "none",
          "stroke": "rgb(255, 255, 255)",
          "strokeLinejoin": "round",
          "strokeLinecap": "round",
          "strokeMiterlimit": "4",
          "strokeWidth": 128
        }
      ],
      "properties": {
        "order": 10,
        "id": 6,
        "name": "chevron-right-active",
        "prevSize": 32
      },
      "setIdx": 0,
      "setId": 4,
      "iconIdx": 3
    },
    {
      "icon": {
        "paths": [
          "M512 970.679c-26.88 0-52.053-10.236-70.827-29.436l-64.853-64.853c-5.12-5.12-18.774-10.667-25.6-10.667h-92.16c-55.467 0-100.267-44.804-100.267-100.271v-92.156c0-6.827-5.547-20.48-10.667-25.6l-64.853-64.853c-18.773-18.773-29.44-43.951-29.44-70.831s10.24-52.053 29.44-70.827l64.853-64.854c5.12-5.12 10.667-18.772 10.667-25.599v-92.156c0-55.467 44.8-100.271 100.267-100.271h92.16c6.827 0 20.48-5.547 25.6-10.667l64.853-64.854c37.547-37.547 104.107-37.547 141.653 0l64.853 64.854c5.12 5.12 18.773 10.667 25.6 10.667h92.16c55.467 0 100.267 44.804 100.267 100.271v92.156c0 6.827 5.547 20.479 10.667 25.599l64.853 64.854c18.773 18.773 29.44 43.947 29.44 70.827s-10.24 52.058-29.44 70.831l-64.853 64.853c-5.12 5.12-10.667 18.773-10.667 25.6v92.156c0 55.467-44.8 100.271-100.267 100.271h-92.16c-6.827 0-20.48 5.547-25.6 10.667l-64.853 64.853c-18.773 19.2-43.947 29.436-70.827 29.436zM192.853 602.466c17.067 17.067 29.44 46.938 29.44 70.831v92.156c0 20.053 16.214 36.271 36.267 36.271h92.16c23.893 0 53.76 12.369 70.827 29.436l64.853 64.853c13.653 13.653 37.547 13.653 51.2 0l64.853-64.853c17.067-17.067 46.933-29.436 70.827-29.436h92.16c20.053 0 36.267-16.218 36.267-36.271v-92.156c0-23.893 12.373-53.764 29.44-70.831l64.853-64.853c6.827-6.827 10.667-15.787 10.667-25.6s-3.84-18.769-10.667-25.596l-64.853-64.856c-17.067-17.067-29.44-46.935-29.44-70.828v-92.156c0-20.053-16.213-36.271-36.267-36.271h-92.16c-23.893 0-53.76-12.371-70.827-29.437l-64.853-64.854c-13.653-13.653-37.547-13.653-51.2 0l-64.853 64.854c-17.066 17.067-46.933 29.437-70.827 29.437h-92.16c-20.053 0-36.267 16.218-36.267 36.271v92.156c0 23.893-12.373 53.762-29.44 70.828l-64.853 64.856c-6.827 6.827-10.667 15.782-10.667 25.596s3.84 18.773 10.667 25.6l64.853 64.853z",
          "M640.009 682.667c-23.893 0-43.093-19.2-43.093-42.667s19.2-42.667 42.667-42.667c23.467 0 42.667 19.2 42.667 42.667s-18.773 42.667-42.24 42.667z",
          "M384.427 426.667c-23.893 0-43.094-19.2-43.094-42.667s19.2-42.667 42.667-42.667c23.467 0 42.667 19.2 42.667 42.667s-18.773 42.667-42.24 42.667z",
          "M383.977 671.979c-8.107 0-16.213-2.987-22.613-9.387-12.373-12.373-12.373-32.853 0-45.227l256.002-256.002c12.373-12.373 32.853-12.373 45.227 0s12.373 32.856 0 45.229l-256.002 256c-6.4 6.4-14.507 9.387-22.613 9.387z"
        ],
        "attrs": [
          {
            "fill": "rgb(145, 151, 179)"
          },
          {
            "fill": "rgb(145, 151, 179)"
          },
          {
            "fill": "rgb(145, 151, 179)"
          },
          {
            "fill": "rgb(145, 151, 179)"
          }
        ],
        "isMulticolor": false,
        "isMulticolor2": false,
        "grid": 0,
        "tags": [
          "discount-shape 1"
        ],
        "colorPermutations": {
          "126126126114515117912552552551": [
            {
              "f": 1
            },
            {
              "f": 1
            },
            {
              "f": 1
            },
            {
              "f": 1
            }
          ]
        }
      },
      "attrs": [
        {
          "fill": "rgb(145, 151, 179)"
        },
        {
          "fill": "rgb(145, 151, 179)"
        },
        {
          "fill": "rgb(145, 151, 179)"
        },
        {
          "fill": "rgb(145, 151, 179)"
        }
      ],
      "properties": {
        "order": 11,
        "id": 5,
        "name": "discount-shape-1",
        "prevSize": 32
      },
      "setIdx": 0,
      "setId": 4,
      "iconIdx": 4
    },
    {
      "icon": {
        "paths": [
          "M341.333 952.316c-11.947 0-24.321-2.987-35.414-8.96-24.32-12.8-39.252-38.4-39.252-65.707v-60.582c-128.853-13.227-213.333-107.951-213.333-243.631v-255.998c0-146.773 98.56-245.333 245.333-245.333h426.667c146.773 0 245.333 98.56 245.333 245.333v255.998c0 146.773-98.56 245.333-245.333 245.333h-160.853l-181.761 121.178c-12.373 8.107-26.879 12.369-41.385 12.369zM298.667 135.677c-110.080 0-181.333 71.253-181.333 181.333v256.003c0 110.080 71.253 181.333 181.333 181.333 17.493 0 32 14.507 32 32v90.88c0 5.547 3.413 8.107 5.547 9.387s6.4 2.56 11.094-0.427l189.866-126.293c5.12-3.413 11.52-5.547 17.92-5.547h170.667c110.080 0 181.333-71.253 181.333-181.333v-256.003c0-110.080-71.253-181.333-181.333-181.333h-427.093z",
          "M511.991 516.689c-17.493 0-32-14.507-32-32v-8.96c0-49.493 36.267-73.814 49.92-83.2 15.787-10.667 20.907-17.92 20.907-29.013 0-21.333-17.493-38.828-38.827-38.828s-38.827 17.495-38.827 38.828c0 17.493-14.507 32-32 32-17.492 0-31.998-14.507-31.998-32 0-56.747 46.078-102.828 102.825-102.828s102.827 46.082 102.827 102.828c0 48.64-35.84 72.96-49.067 81.92-16.64 11.093-21.76 18.347-21.76 30.293v8.96c0 17.92-14.507 32-32 32z",
          "M512 622.938c-17.92 0-32-14.507-32-32s14.507-32 32-32c17.493 0 32 14.507 32 32s-14.080 32-32 32z"
        ],
        "attrs": [
          {
            "fill": "rgb(145, 151, 179)"
          },
          {
            "fill": "rgb(145, 151, 179)"
          },
          {
            "fill": "rgb(145, 151, 179)"
          }
        ],
        "isMulticolor": false,
        "isMulticolor2": false,
        "grid": 0,
        "tags": [
          "message-question 1"
        ],
        "colorPermutations": {
          "126126126114515117912552552551": [
            {
              "f": 1
            },
            {
              "f": 1
            },
            {
              "f": 1
            }
          ]
        }
      },
      "attrs": [
        {
          "fill": "rgb(145, 151, 179)"
        },
        {
          "fill": "rgb(145, 151, 179)"
        },
        {
          "fill": "rgb(145, 151, 179)"
        }
      ],
      "properties": {
        "order": 12,
        "id": 4,
        "name": "message-question-1",
        "prevSize": 32
      },
      "setIdx": 0,
      "setId": 4,
      "iconIdx": 5
    },
    {
      "icon": {
        "paths": [
          "M469.333 810.667c188.514 0 341.333-152.819 341.333-341.333s-152.819-341.333-341.333-341.333c-188.513 0-341.333 152.82-341.333 341.333s152.82 341.333 341.333 341.333z",
          "M896 896l-185.6-185.6"
        ],
        "attrs": [
          {
            "fill": "none",
            "stroke": "rgb(126, 126, 126)",
            "strokeLinejoin": "round",
            "strokeLinecap": "round",
            "strokeMiterlimit": "4",
            "strokeWidth": 85.33333333333333
          },
          {
            "fill": "none",
            "stroke": "rgb(126, 126, 126)",
            "strokeLinejoin": "round",
            "strokeLinecap": "round",
            "strokeMiterlimit": "4",
            "strokeWidth": 85.33333333333333
          }
        ],
        "isMulticolor": false,
        "isMulticolor2": false,
        "grid": 0,
        "tags": [
          "search 1"
        ],
        "colorPermutations": {
          "126126126114515117912552552551": [
            {
              "s": 0
            },
            {
              "s": 0
            }
          ]
        }
      },
      "attrs": [
        {
          "fill": "none",
          "stroke": "rgb(126, 126, 126)",
          "strokeLinejoin": "round",
          "strokeLinecap": "round",
          "strokeMiterlimit": "4",
          "strokeWidth": 85.33333333333333
        },
        {
          "fill": "none",
          "stroke": "rgb(126, 126, 126)",
          "strokeLinejoin": "round",
          "strokeLinecap": "round",
          "strokeMiterlimit": "4",
          "strokeWidth": 85.33333333333333
        }
      ],
      "properties": {
        "order": 13,
        "id": 3,
        "name": "search-1",
        "prevSize": 32
      },
      "setIdx": 0,
      "setId": 4,
      "iconIdx": 6
    },
    {
      "icon": {
        "paths": [
          "M512.008 965.538c-28.586 0-57.601-6.399-80.212-19.628l-234.666-135.251c-95.573-64.429-101.547-74.24-101.547-175.361v-246.612c0-101.121 5.547-110.935 99.414-174.507l236.371-136.534c44.801-26.026 115.2-26.026 160.001 0l235.52 135.68c95.572 64.425 101.548 74.239 101.548 175.361v246.186c0 101.119-5.549 110.932-99.414 174.506l-236.375 136.532c-23.040 13.229-52.052 19.628-80.639 19.628zM512.008 122.445c-17.92 0-35.414 3.414-47.788 10.667l-234.665 135.68c-69.547 46.932-69.547 46.932-69.547 119.894v246.186c0 72.959 0 72.959 71.253 121.172l232.958 134.401c25.174 14.505 70.828 14.505 96.001 0l234.665-135.68c69.12-46.935 69.12-46.935 69.12-119.894v-246.186c0-72.961 0-72.961-71.251-121.174l-232.96-134.4c-12.374-7.253-29.868-10.667-47.788-10.667z",
          "M512 671.999c-88.319 0-159.999-71.68-159.999-159.999s71.68-159.999 159.999-159.999c88.319 0 159.999 71.68 159.999 159.999s-71.68 159.999-159.999 159.999zM512 415.999c-52.908 0-96.001 43.094-96.001 96.001s43.094 96.001 96.001 96.001c52.908 0 96.001-43.094 96.001-96.001s-43.094-96.001-96.001-96.001z"
        ],
        "attrs": [
          {},
          {}
        ],
        "isMulticolor": false,
        "isMulticolor2": false,
        "grid": 0,
        "tags": [
          "setting 1"
        ],
        "colorPermutations": {
          "126126126114515117912552552551": [
            {},
            {}
          ]
        }
      },
      "attrs": [
        {},
        {}
      ],
      "properties": {
        "order": 14,
        "id": 2,
        "name": "setting-1",
        "prevSize": 32
      },
      "setIdx": 0,
      "setId": 4,
      "iconIdx": 7
    },
    {
      "icon": {
        "paths": [
          "M640.026 970.658h-255.999c-56.32 0-103.253-5.547-142.933-17.493-14.507-4.267-23.893-18.347-23.040-33.28 10.667-127.573 139.947-227.844 293.972-227.844 154.027 0 282.88 99.844 293.973 227.844 1.28 15.36-8.107 29.013-23.040 33.28-39.68 11.947-86.613 17.493-142.933 17.493zM286.747 898.551c28.16 5.547 60.16 8.107 97.28 8.107h255.999c37.12 0 69.12-2.56 97.28-8.107-22.613-81.92-116.053-142.511-225.28-142.511-109.225 0-202.665 60.591-225.279 142.511z",
          "M640 85.333h-256c-213.333 0-298.667 85.333-298.667 298.667v256c0 161.28 48.64 249.6 164.693 282.453 9.387-110.933 123.307-198.4 261.973-198.4s252.587 87.467 261.973 198.4c116.053-32.853 164.693-121.173 164.693-282.453v-256c0-213.333-85.333-298.667-298.667-298.667zM512 604.587c-84.48 0-152.747-68.693-152.747-153.173s68.267-152.747 152.747-152.747c84.48 0 152.747 68.268 152.747 152.747s-68.267 153.173-152.747 153.173z",
          "M511.996 636.587c-101.972 0-184.746-83.2-184.746-185.173s82.773-184.747 184.746-184.747c101.973 0 184.747 82.774 184.747 184.747s-82.773 185.173-184.747 185.173zM511.996 330.667c-66.56 0-120.746 54.188-120.746 120.747 0 66.987 54.186 121.173 120.746 121.173s120.747-54.187 120.747-121.173c0-66.559-54.187-120.747-120.747-120.747z"
        ],
        "attrs": [
          {
            "fill": "rgb(255, 255, 255)"
          },
          {
            "fill": "none",
            "stroke": "rgb(255, 255, 255)",
            "strokeLinejoin": "round",
            "strokeLinecap": "round",
            "strokeMiterlimit": "4",
            "strokeWidth": 64
          },
          {
            "fill": "rgb(255, 255, 255)"
          }
        ],
        "isMulticolor": false,
        "isMulticolor2": true,
        "grid": 0,
        "tags": [
          "user-square 1"
        ],
        "colorPermutations": {
          "126126126114515117912552552551": [
            {
              "f": 2
            },
            {
              "s": 2
            },
            {
              "f": 2
            }
          ]
        }
      },
      "attrs": [
        {
          "fill": "rgb(255, 255, 255)"
        },
        {
          "fill": "none",
          "stroke": "rgb(255, 255, 255)",
          "strokeLinejoin": "round",
          "strokeLinecap": "round",
          "strokeMiterlimit": "4",
          "strokeWidth": 64
        },
        {
          "fill": "rgb(255, 255, 255)"
        }
      ],
      "properties": {
        "order": 15,
        "id": 1,
        "name": "user-square-active",
        "prevSize": 32
      },
      "setIdx": 0,
      "setId": 4,
      "iconIdx": 8
    },
    {
      "icon": {
        "paths": [
          "M458.735 719.377v86.613c0 73.387-68.268 132.693-152.321 132.693s-152.748-59.307-152.748-132.693v-86.613c0 73.387 68.268 125.44 152.748 125.44 84.053 0 152.321-52.48 152.321-125.44z",
          "M458.671 602.027c0 21.333-5.973 40.96-16.213 58.027-25.175 41.387-76.803 67.413-136.536 67.413s-111.36-26.453-136.534-67.413c-10.24-17.067-16.211-36.693-16.211-58.027 0-36.693 17.066-69.547 44.372-93.44 27.733-24.32 65.705-38.827 107.945-38.827s80.215 14.933 107.948 38.827c28.162 23.467 45.228 56.747 45.228 93.44z",
          "M458.735 602.027v117.333c0 73.387-68.268 125.44-152.321 125.44s-152.748-52.48-152.748-125.44v-117.333c0-73.387 68.268-132.693 152.748-132.693 42.24 0 80.215 14.933 107.948 38.827 27.306 23.893 44.373 57.173 44.373 93.867z",
          "M938.667 468.049v87.898c0 23.467-18.773 42.662-42.667 43.516h-83.631c-46.080 0-88.316-33.707-92.156-79.787-2.56-26.88 7.676-52.053 25.596-69.547 15.787-16.213 37.551-25.598 61.444-25.598h88.747c23.893 0.853 42.667 20.051 42.667 43.518z",
          "M85.333 448v-85.333c0-116.053 69.973-197.12 178.773-210.773 11.093-1.707 22.613-2.56 34.56-2.56h384c11.093 0 21.76 0.426 32 2.133 110.080 12.8 181.333 94.294 181.333 211.2v61.867h-88.747c-23.893 0-45.653 9.386-61.44 25.6-17.92 17.493-28.16 42.667-25.6 69.547 3.84 46.080 46.080 79.787 92.16 79.787h83.627v61.867c0 128-85.333 213.333-213.333 213.333h-106.667"
        ],
        "attrs": [
          {
            "fill": "none",
            "stroke": "rgb(145, 151, 179)",
            "strokeLinejoin": "round",
            "strokeLinecap": "round",
            "strokeMiterlimit": "4",
            "strokeWidth": 64
          },
          {
            "fill": "none",
            "stroke": "rgb(145, 151, 179)",
            "strokeLinejoin": "round",
            "strokeLinecap": "round",
            "strokeMiterlimit": "4",
            "strokeWidth": 64
          },
          {
            "fill": "none",
            "stroke": "rgb(145, 151, 179)",
            "strokeLinejoin": "round",
            "strokeLinecap": "round",
            "strokeMiterlimit": "4",
            "strokeWidth": 64
          },
          {
            "fill": "none",
            "stroke": "rgb(145, 151, 179)",
            "strokeLinejoin": "round",
            "strokeLinecap": "round",
            "strokeMiterlimit": "4",
            "strokeWidth": 64
          },
          {
            "fill": "none",
            "stroke": "rgb(145, 151, 179)",
            "strokeLinejoin": "round",
            "strokeLinecap": "round",
            "strokeMiterlimit": "4",
            "strokeWidth": 64
          }
        ],
        "isMulticolor": false,
        "isMulticolor2": false,
        "grid": 0,
        "tags": [
          "wallet-money 2"
        ],
        "colorPermutations": {
          "126126126114515117912552552551": [
            {
              "s": 1
            },
            {
              "s": 1
            },
            {
              "s": 1
            },
            {
              "s": 1
            },
            {
              "s": 1
            }
          ]
        }
      },
      "attrs": [
        {
          "fill": "none",
          "stroke": "rgb(145, 151, 179)",
          "strokeLinejoin": "round",
          "strokeLinecap": "round",
          "strokeMiterlimit": "4",
          "strokeWidth": 64
        },
        {
          "fill": "none",
          "stroke": "rgb(145, 151, 179)",
          "strokeLinejoin": "round",
          "strokeLinecap": "round",
          "strokeMiterlimit": "4",
          "strokeWidth": 64
        },
        {
          "fill": "none",
          "stroke": "rgb(145, 151, 179)",
          "strokeLinejoin": "round",
          "strokeLinecap": "round",
          "strokeMiterlimit": "4",
          "strokeWidth": 64
        },
        {
          "fill": "none",
          "stroke": "rgb(145, 151, 179)",
          "strokeLinejoin": "round",
          "strokeLinecap": "round",
          "strokeMiterlimit": "4",
          "strokeWidth": 64
        },
        {
          "fill": "none",
          "stroke": "rgb(145, 151, 179)",
          "strokeLinejoin": "round",
          "strokeLinecap": "round",
          "strokeMiterlimit": "4",
          "strokeWidth": 64
        }
      ],
      "properties": {
        "order": 16,
        "id": 0,
        "name": "wallet-money-2",
        "prevSize": 32
      },
      "setIdx": 0,
      "setId": 4,
      "iconIdx": 9
    }
  ],
  "height": 1024,
  "preferences": {
    "showGlyphs": true,
    "showQuickUse": true,
    "showQuickUse2": true,
    "showSVGs": true,
    "fontPref": {
      "prefix": "icon-",
      "metadata": {
        "fontFamily": "icomoon"
      },
      "metrics": {
        "emSize": 1024,
        "baseline": 6.25,
        "whitespace": 50
      },
      "embed": false
    },
    "imagePref": {
      "prefix": "",
      "png": true,
      "useClassSelector": true,
      "color": 0,
      "bgColor": 16777215,
      "classSelector": ".icon",
      "name": "icomoon",
      "height": 32,
      "columns": 16,
      "margin": 16
    },
    "historySize": 50,
    "showCodes": true,
    "gridSize": 16
  }
}